Title,Price,Stock
The Nameless City (The Nameless City #1),£38.16,In stock
The Murder That Never Was (Forensic Instincts #5),£54.11,In stock
The Most Perfect Thing: Inside (and Outside) a Bird's Egg,£42.96,In stock
"The Mindfulness and Acceptance Workbook for Anxiety: A Guide to Breaking Free from Anxiety, Phobias, and Worry Using Acceptance and Commitment Therapy",£23.89,In stock
The Life-Changing Magic of Tidying Up: The Japanese Art of Decluttering and Organizing,£16.77,In stock
"The Inefficiency Assassin: Time Management Tactics for Working Smarter, Not Longer",£20.59,In stock
The Gutsy Girl: Escapades for Your Life of Epic Adventure,£37.13,In stock
The Electric Pencil: Drawings from Inside State Hospital No. 3,£56.06,In stock
The Death of Humanity: and the Case for Life,£58.11,In stock
"The Bulletproof Diet: Lose up to a Pound a Day, Reclaim Energy and Focus, Upgrade Your Life",£49.05,In stock
The Art Forger,£40.76,In stock
The Age of Genius: The Seventeenth Century and the Birth of the Modern Mind,£19.73,In stock
The Activist's Tao Te Ching: Ancient Advice for a Modern Revolution,£32.24,In stock
Spark Joy: An Illustrated Master Class on the Art of Organizing and Tidying Up,£41.83,In stock
Soul Reader,£39.58,In stock
Security,£39.25,In stock
"Saga, Volume 6 (Saga (Collected Editions) #6)",£25.02,In stock
"Saga, Volume 5 (Saga (Collected Editions) #5)",£51.04,In stock
Reskilling America: Learning to Labor in the Twenty-First Century,£19.83,In stock
"Rat Queens, Vol. 3: Demons (Rat Queens (Collected Editions) #11-15)",£50.40,In stock
The Nameless City (The Nameless City #1),£38.16,In stock
The Murder That Never Was (Forensic Instincts #5),£54.11,In stock
The Most Perfect Thing: Inside (and Outside) a Bird's Egg,£42.96,In stock
"The Mindfulness and Acceptance Workbook for Anxiety: A Guide to Breaking Free from Anxiety, Phobias, and Worry Using Acceptance and Commitment Therapy",£23.89,In stock
The Life-Changing Magic of Tidying Up: The Japanese Art of Decluttering and Organizing,£16.77,In stock
"The Inefficiency Assassin: Time Management Tactics for Working Smarter, Not Longer",£20.59,In stock
The Gutsy Girl: Escapades for Your Life of Epic Adventure,£37.13,In stock
The Electric Pencil: Drawings from Inside State Hospital No. 3,£56.06,In stock
The Death of Humanity: and the Case for Life,£58.11,In stock
"The Bulletproof Diet: Lose up to a Pound a Day, Reclaim Energy and Focus, Upgrade Your Life",£49.05,In stock
The Art Forger,£40.76,In stock
The Age of Genius: The Seventeenth Century and the Birth of the Modern Mind,£19.73,In stock
The Activist's Tao Te Ching: Ancient Advice for a Modern Revolution,£32.24,In stock
Spark Joy: An Illustrated Master Class on the Art of Organizing and Tidying Up,£41.83,In stock
Soul Reader,£39.58,In stock
Security,£39.25,In stock
"Saga, Volume 6 (Saga (Collected Editions) #6)",£25.02,In stock
"Saga, Volume 5 (Saga (Collected Editions) #5)",£51.04,In stock
Reskilling America: Learning to Labor in the Twenty-First Century,£19.83,In stock
"Rat Queens, Vol. 3: Demons (Rat Queens (Collected Editions) #11-15)",£50.40,In stock
